title,company,location,link
Javascript Developer (Vue.js / Node.js),Lucky Orange LLC,"Overland Park, KS",https://stackoverflow.com/jobs/374387
Laravel and Vue.js Developer,MailerLite,No office location,https://stackoverflow.com/jobs/447895
Senior Full-Stack Engineer (Vue/Node),Wisely,No office location,https://stackoverflow.com/jobs/405895
Full Stack Software Engineer (Vue.js & Django) (m/f/d),Limehome GmbH,"München, Germany",https://stackoverflow.com/jobs/238532
Lead Front-end Engineer - REMOTE - VUE.JS,Launch Potato,"Delray Beach, FL",https://stackoverflow.com/jobs/490271
Senior software engineer Vue.js,Harlem Next,"Haarlem, Netherlands",https://stackoverflow.com/jobs/427253
Webdeveloper for Backend (NodeJS) and Frontend (Vue) (m/f),RINGANA GmbH,"Wien, Österreich",https://stackoverflow.com/jobs/421723
Front End (Vue.js) Developer,Pentalog,"Iași, Romania",https://stackoverflow.com/jobs/485099
Senior Frontend Engineer (Vue.js),Financial Technology Partners,"San Francisco, CA",https://stackoverflow.com/jobs/446919
"Full Stack Software Engineer (Python, Vue, Shopify)",Opinew,No office location,https://stackoverflow.com/jobs/484286
Senior Vue.js Developer Who Is Devoted To Clean Code,Digital Masterplanning,"Chicago, IL",https://stackoverflow.com/jobs/484660
"Full Stack Engineer - Junior to Senior - Vue.js, Go",Ezoic,"Carlsbad, CA",https://stackoverflow.com/jobs/427867
Front End (Vue.js) Developer,Pentalog,"Bucharest, Romania",https://stackoverflow.com/jobs/487270
"Senior Software Engineer - Go, Vue.js, Machine Learning",Ezoic,"Carlsbad, CA",https://stackoverflow.com/jobs/427866
Lead Vue.js / PHP developer,HUBX,No office location,https://stackoverflow.com/jobs/397027
Fullstack Developer Laravel / Vue,AirLST GmbH,"München, Deutschland",https://stackoverflow.com/jobs/261736
"Senior Software Engineer - Angular, React, Vue, etc. (online comparison portal)",Verivox GmbH,"Heidelberg, Germany",https://stackoverflow.com/jobs/485038
Frontend Developer (Vue.js) (m/w/d),Peek & Cloppenburg KG Düsseldorf,"Düsseldorf, Deutschland",https://stackoverflow.com/jobs/447396
Senior VueJS FE Developer,Cycloid,No office location,https://stackoverflow.com/jobs/457236
Principal Front-End Engineer - Team Lead (Vue.js),Corsearch,"Amsterdam, Netherlands",https://stackoverflow.com/jobs/412440
Mid Senior VueJS Frontend dev (remote friendly),Cycloid,"Paris, France",https://stackoverflow.com/jobs/457234
Lead Frontend Developer / Vue.js (m/f/x),refurbed,No office location,https://stackoverflow.com/jobs/483470
"Magento Developer (GraphQL, VueJS, Laravel) Office or Remote",Limesharp,"Auckland, New Zealand",https://stackoverflow.com/jobs/462636
Senior Vue.js Frontend Developer (m/f/x),refurbed,No office location,https://stackoverflow.com/jobs/424273
Senior full stack developer (Azure/.NET core/VueJs/Typescript),33reasons,No office location,https://stackoverflow.com/jobs/453423
Full-Stack .NET Engineer,MediKeeper,"San Diego, CA",https://stackoverflow.com/jobs/422397
Web-Entwickler/in Vue.js (w/m/d),Synergeticon GmbH,"Hamburg, Deutschland",https://stackoverflow.com/jobs/487622
(Senior) Webentwickler (m/w/d) TYPO3 & Vue.JS,auteon GmbH,"München, Deutschland",https://stackoverflow.com/jobs/460969
Full Stack Developer (PHP | CakePHP | Laravel | Javascript | Vue | HTML5 | SASS),continued,No office location,https://stackoverflow.com/jobs/481747
"(Senior) Webentwickler (m/w/d) JavaScript, Vue.js mit Schwerpunkt eCommerce",auteon GmbH,"München, Deutschland",https://stackoverflow.com/jobs/460977
"(Senior) Webentwickler (m/w/d) JavaScript, React und/oder Vue.js",auteon GmbH,"München, Deutschland",https://stackoverflow.com/jobs/460981
Senior Backend Engineer - Piñata Farms (Los Angeles),Unusual Ventures,"Los Angeles, CA",https://stackoverflow.com/jobs/490533
"Frontend / Web Software Developer (m,f,d)",Synfioo GmbH,"Potsdam, Germany",https://stackoverflow.com/jobs/485979
Full-Stack Web Developer Java,WPS Management GmbH,"Paderborn, Deutschland",https://stackoverflow.com/jobs/125395
Software Developer (gn) JavaScript,4Com GmbH & Co. KG,"Hamm, Deutschland",https://stackoverflow.com/jobs/466451
Frontend Developer to build the leading Platform for ML,Hugging Face,"Paris, France",https://stackoverflow.com/jobs/448344
Full Stack Software Engineer,Captivation Software,"Fort Meade, MD",https://stackoverflow.com/jobs/449508
Senior Front-End Developer (m/f/d) - for legal tech startup in Munich,DataGuard,"München, Deutschland",https://stackoverflow.com/jobs/281206
Web Frontend Developer with an eye for professional user experience (m/f/d),Ergosign,"Saarbrücken, Deutschland",https://stackoverflow.com/jobs/456766
Front-end Developer for Soho Digital Agency,Tui Media,"London, UK",https://stackoverflow.com/jobs/484647
Senior Front-End Developer (m/f/d) - for legal tech startup in Berlin,DataGuard,"Berlin, Deutschland",https://stackoverflow.com/jobs/463805
Full-Stack Developer (f/m/d) - Core Engineering Team,Receeve GmbH,"Hamburg, Germany",https://stackoverflow.com/jobs/351277
Javascript Developer,OliBank,"Buenos Aires, Argentina",https://stackoverflow.com/jobs/450538
Senior Backend JS Engineer (Remote),X-Team,No office location,https://stackoverflow.com/jobs/489602
Software Developer PowerDNS,Open-Xchange GmbH,No office location,https://stackoverflow.com/jobs/487471
Senior Frontend Software Engineer (Germany),Circle,No office location,https://stackoverflow.com/jobs/472179
Senior Software Engineer,Pedigree Technologies,"Fargo, ND",https://stackoverflow.com/jobs/275888
Lead Software Engineer - Game Optimization Platform,Voodoo.io,"Paris, France",https://stackoverflow.com/jobs/410368
Full Stack Javascript Developer (m/w/d),Klassik Radio AG,"Augsburg, Deutschland",https://stackoverflow.com/jobs/474719
Senior Frontend Developer (f/m/d),CA Customer Alliance GmbH,"Berlin, Germany",https://stackoverflow.com/jobs/482380
Front-End Developer,Jumbo Supermarkets,"Veghel, Netherlands",https://stackoverflow.com/jobs/468925
"Frontend Software Engineer. Evangelist. Enthusiast (Java Script, HTML5) (m/f/x)",financial.com AG,"München, Deutschland",https://stackoverflow.com/jobs/285784
Senior Software Engineer,Enovational,"Washington, DC",https://stackoverflow.com/jobs/420640
Senior Full Stack Web Developer,"Art & Logic, Inc.",No office location,https://stackoverflow.com/jobs/370918
(Senior) Frontend Engineer (m/f/d),Lendico Deutschland GmbH,"Berlin, Deutschland",https://stackoverflow.com/jobs/489586
Full-Stack .NET Developer,CyrusOne Management Services LLC.,No office location,https://stackoverflow.com/jobs/472558
PHP Entwickler (Backend oder Full Stack)(m/w/d),WunschGutschein,"Düsseldorf, Deutschland",https://stackoverflow.com/jobs/365530
Web Frontend Developer with an eye for professional user experience (m/f/d),Ergosign,"Hamburg, Deutschland",https://stackoverflow.com/jobs/456764
Javascript Developer,OliBank,"Buenos Aires, Argentina",https://stackoverflow.com/jobs/450538
Senior Frontend Software Engineer (Ireland),Circle,No office location,https://stackoverflow.com/jobs/472180
Full Stack Developer,OpsTalent,"Wrocław, Poland",https://stackoverflow.com/jobs/463551
Javascript Developer,OliBank,No office location,https://stackoverflow.com/jobs/465276
DevOps Engineer,Youtility Solar,"Woods Cross, UT",https://stackoverflow.com/jobs/409581
Frontend Developer,"Frotcom International, S.A.","Carnaxide, Portugal",https://stackoverflow.com/jobs/441402
Front-End Software Engineer,HENNGE K.K.,"Tokyo, Japan",https://stackoverflow.com/jobs/381280
Frontend Engineer - Working Student (m/f/d),Motius GmbH,"München, Deutschland",https://stackoverflow.com/jobs/456519
Senior Javascript Software Engineer,Dashlane,"Lisbon, Portugal",https://stackoverflow.com/jobs/441798
senior front-end javascript developer,Cygni,"Amsterdam, Netherlands",https://stackoverflow.com/jobs/447954
Senior Frontend Software Engineer (United Kingdom),Circle,No office location,https://stackoverflow.com/jobs/472181
Senior Frontend Engineer - Piñata Farms (Los Angeles),Unusual Ventures,"Los Angeles, CA",https://stackoverflow.com/jobs/490535
Senior Front End Developer,Ezra,"Toronto, ON, Canada",https://stackoverflow.com/jobs/442192
Front End Designer/Developer,L2P Enterprise Ltd,No office location,https://stackoverflow.com/jobs/432527
Senior Frontend Software Engineer (United States),Circle,No office location,https://stackoverflow.com/jobs/472183
Senior Frontend Software Engineer (Canada),Circle,No office location,https://stackoverflow.com/jobs/472184
Solution Architect,Enovational,"Washington, DC",https://stackoverflow.com/jobs/420637
Full Stack Developer Mobile Gaming (m/w/d),Lotum GmbH,"Bad Nauheim, Deutschland",https://stackoverflow.com/jobs/372990
Senior Full-Stack Engineer (m/f/d),Lumiform,"Berlin, Germany",https://stackoverflow.com/jobs/481201
Senior Frontend Software Engineer (United Kingdom),Circle,No office location,https://stackoverflow.com/jobs/472181
FinTech Developer,OliBank,No office location,https://stackoverflow.com/jobs/465277
Software Engineer - UI (Remote),Favorite Medium,"Fukuoka, Japan",https://stackoverflow.com/jobs/486210
Senior Javascript Software Engineer,Dashlane,"Lisbon, Portugal",https://stackoverflow.com/jobs/441798
Frontend Web Developer (m/w/d),EyeC GmbH,"Hamburg, Deutschland",https://stackoverflow.com/jobs/408135
Senior Frontend Engineer - Piñata Farms (Los Angeles),Unusual Ventures,"Los Angeles, CA",https://stackoverflow.com/jobs/490535
Senior Frontend Software Engineer (United States),Circle,No office location,https://stackoverflow.com/jobs/472183
Senior Frontend Software Engineer (Canada),Circle,No office location,https://stackoverflow.com/jobs/472184
Fullstack Web Developer,Smart Energy Lab,"Lisbon, Portugal",https://stackoverflow.com/jobs/465125
(Senior) Web/Mobile Developer (m/w/d),Lotum GmbH,"Frankfurt am Main, Deutschland",https://stackoverflow.com/jobs/372988
Full Stack Web Developer,Bloomreach,"Amsterdam, Netherlands",https://stackoverflow.com/jobs/487279
Senior Front-end Engineer,MedExpress Enterprises Ltd,"London, UK",https://stackoverflow.com/jobs/438811
Full Stack Software Engineer - 3-5+ years experience (f/m/d),ArcaScience,"Paris, France",https://stackoverflow.com/jobs/456292
Front-End Developer | Junior Consultant,Accenture Italy,No office location,https://stackoverflow.com/jobs/456302
Frontend Developer,Squla,"Amsterdam, Netherlands",https://stackoverflow.com/jobs/454638
Mid-Level Javascript & PHP Entwickler(in) für spannende Webapplikationen,4eyes GmbH,"Basel, Schweiz",https://stackoverflow.com/jobs/420062
Senior Frontend Engineer,ThetaCore,"Lehi, UT",https://stackoverflow.com/jobs/471616
"Frontend Developer (m/w/d) in Leipzig, Halle (Saale) oder Dresden",Relaxdays GmbH,"Leipzig, Deutschland",https://stackoverflow.com/jobs/433898
Frontend-Entwickler (m/w/d),onOffice GmbH,"Aachen, Deutschland",https://stackoverflow.com/jobs/430751
Senior Frontend Developer,Parkside,"Graz, Österreich",https://stackoverflow.com/jobs/466270
Front-End Developer,Digidentity,"Den Haag, Netherlands",https://stackoverflow.com/jobs/305537
Full Stack Developer (f/m/x) for Social Fintech Startup in Hamburg,Tomorrow GmbH,"Hamburg, Deutschland",https://stackoverflow.com/jobs/465583
Full stack developer,Online Partner AB,"Hägersten, Sweden",https://stackoverflow.com/jobs/339146
(Senior) Web/Mobile Developer (m/w/d),Lotum GmbH,"Frankfurt am Main, Deutschland",https://stackoverflow.com/jobs/372988
Frontend Developer,Squla,"Amsterdam, Netherlands",https://stackoverflow.com/jobs/454638
Senior Web Engineer,Blinkist,"Berlin, Germany",https://stackoverflow.com/jobs/466841
Frontend Developer (m/w/d),EWERK Group,"Leipzig, Deutschland",https://stackoverflow.com/jobs/490097
Senior Frontend Developer (m/w/d),Neofonie,"Berlin, Deutschland",https://stackoverflow.com/jobs/399676
Frontend-Entwickler (m/w/d),onOffice GmbH,"Aachen, Deutschland",https://stackoverflow.com/jobs/430751
Frontend-/ UI-Entwickler (w/m/d),INFORM - Institut für Operations Research und Management GmbH,"Aachen, Deutschland",https://stackoverflow.com/jobs/458152
Front-End Developer,Digidentity,"Den Haag, Netherlands",https://stackoverflow.com/jobs/305537
"Frontend Developer (m/w/d) in Leipzig, Halle (Saale) oder Dresden",Relaxdays GmbH,"Leipzig, Deutschland",https://stackoverflow.com/jobs/433898
Front-End Developer (Identity & Authentication),LoginID,"Toronto, ON, Canada",https://stackoverflow.com/jobs/490520
Senior Frontend Developer,Parkside,"Graz, Österreich",https://stackoverflow.com/jobs/466270
Senior Front-end Engineer,MedExpress Enterprises Ltd,"London, UK",https://stackoverflow.com/jobs/438811
Senior Frontend Engineer,Ofload,No office location,https://stackoverflow.com/jobs/401723
Front End/ Back End Software Developer,Supplycart Technologies Sdn Bhd,No office location,https://stackoverflow.com/jobs/430217
Software Developer (remote or onsite),Aptera Software,No office location,https://stackoverflow.com/jobs/455016
Full Stack Software Engineer,Psychology Today,"New York, NY",https://stackoverflow.com/jobs/487306
Full Stack Web Developer (m/w/d),EyeC GmbH,"Hamburg, Deutschland",https://stackoverflow.com/jobs/408137
Senior Software Engineer,Wyzant,"Chicago, IL",https://stackoverflow.com/jobs/484644
Sr. Cloud Engineer (GCP) DevOps,Harlem Next,"Haarlem, Netherlands",https://stackoverflow.com/jobs/423490
Full Stack Developer (Identity & Authentication),LoginID,"Toronto, ON, Canada",https://stackoverflow.com/jobs/490162
FRONTEND-ENTWICKLER (M/W/D),wyn,"Hamburg, Deutschland",https://stackoverflow.com/jobs/481513
Lead Front-End Web Engineer,LiveSurface,No office location,https://stackoverflow.com/jobs/460777
Senior Frontend Engineer (m/w/x) - remote possible,Jimdo,"Hamburg, Germany",https://stackoverflow.com/jobs/460639
Senior Tech Engineer (Front-end),Voodoo.io,"Paris, France",https://stackoverflow.com/jobs/430364
フロントエンドエンジニア,HENNGE K.K.,"Tokyo, Japan",https://stackoverflow.com/jobs/381284
"Tech Lead, Web Platform - Biotech startup helping dogs!",Embark Veterinary Inc.,"Boston, MA",https://stackoverflow.com/jobs/456831
Frontend Developer,European Molecular Biology Laboratory (EMBL),"Heidelberg, Deutschland",https://stackoverflow.com/jobs/465577
Sr. Cloud Engineer (GCP) DevOps,Harlem Next,"Haarlem, Netherlands",https://stackoverflow.com/jobs/423490
Fullstack Developer (f/m/d) (based in Germany),LILLYDOO GmbH,"Frankfurt am Main, Germany",https://stackoverflow.com/jobs/487070
Senior Web Developer Frontend (w/m/x),Avenga Germany GmbH,"Berlin, Deutschland",https://stackoverflow.com/jobs/455228
Director of Developer Advocacy,Nacelle,No office location,https://stackoverflow.com/jobs/485575
Senior Full Stack Engineer (Remote OR NYC),Noom,"New York, NY",https://stackoverflow.com/jobs/283522
Senior Front-End Engineer,Jibble,No office location,https://stackoverflow.com/jobs/482106
Full Stack PHP Web Developer,"Outreach, Inc.","Colorado Springs, CO",https://stackoverflow.com/jobs/364886
Senior Front End Developer,Rebilly,No office location,https://stackoverflow.com/jobs/481199
Senior Full Stack Engineer - Cyber Security,Myra Security GmbH,"München, Deutschland",https://stackoverflow.com/jobs/466848
Ruby on Rails Developer (f/m/div) in FinTech,PAIR Finance GmbH,"Berlin, Deutschland",https://stackoverflow.com/jobs/424974
Full Stack Programmer,Springs Charter Schools,"Temecula, CA",https://stackoverflow.com/jobs/458648
TECH LEAD (F/H),Octo Technology,"Paris, France",https://stackoverflow.com/jobs/445447
Frontend Developer (m/f/d),WPS Management GmbH,"Paderborn, Deutschland",https://stackoverflow.com/jobs/293572
Fullstack Software Developer (Java/JavaScript) (m/w/d),FTAPI Software GmbH,"München, Deutschland",https://stackoverflow.com/jobs/217452
Full Stack Engineer,Beatrust Inc.,"Minato City, Japan",https://stackoverflow.com/jobs/429319
Technical Lead Developer,Talnt,"London, UK",https://stackoverflow.com/jobs/473471
Senior Full Stack Developer,Servian,"Brisbane City, Australia",https://stackoverflow.com/jobs/427870
Senior Frontend Developer,"Stacklet, Inc.",No office location,https://stackoverflow.com/jobs/423281
Fintech - Frontend Developer (m/w/d),Lowell Financial Services GmbH,"Berlin, Deutschland",https://stackoverflow.com/jobs/485486
"Backend Developer PHP (m/w/d) in Leipzig, Halle (Saale) oder Dresden",Relaxdays GmbH,"Leipzig, Deutschland",https://stackoverflow.com/jobs/433896
Java Software Engineer,Practichem,No office location,https://stackoverflow.com/jobs/454944
Senior Software Architect,Practichem,No office location,https://stackoverflow.com/jobs/457036
"Backend Developer C# (w/m/d) in Leipzig, Halle (Saale) oder Dresden",Relaxdays GmbH,"Leipzig, Deutschland",https://stackoverflow.com/jobs/433895
Front-End Web Developer (all genders) Full-/Part-time,Accenture DACH,"Frankfurt, Germany",https://stackoverflow.com/jobs/391299
Senior Front-end / JS Developer,iubenda,"Milan, Italy",https://stackoverflow.com/jobs/464814
Salesforce Apex Developer,LeadIQ,Singapore,https://stackoverflow.com/jobs/422622
Data Engineer - Python,Sytac IT Consulting,"Amsterdam, Netherlands",https://stackoverflow.com/jobs/477308
Full Stack Software Developer - Java (all genders) Full-/Part-time,Accenture DACH,"Zürich, Switzerland",https://stackoverflow.com/jobs/391300
Project Manager,LeadIQ,Singapore,https://stackoverflow.com/jobs/422625
Backend Developer,Sofía,"Mexico City, Mexico",https://stackoverflow.com/jobs/255373
Full Stack Software Engineer (all genders),Zühlke Engineering Austria,"Wien, Austria",https://stackoverflow.com/jobs/454632
Senior Software Engineer (Engineer III),Oregon Beverage Recycling Cooperative (OBRC),"Damascus, OR",https://stackoverflow.com/jobs/487838
Hackers wanted - Software Engineers (m/f/d) & Machine Learning Experts (m/f/d),freiheit.com technologies gmbh,"Lisbon, Portugal",https://stackoverflow.com/jobs/254089
Fullstack Developer,chess24,"Hamburg, Germany",https://stackoverflow.com/jobs/455005
"Software Engineer, Full Stack",SmartNews,"Shibuya City, Japan",https://stackoverflow.com/jobs/487068
Senior Software Engineer (React/Java),Pinnacle 21,"Blue Bell, PA",https://stackoverflow.com/jobs/262299
"Awesome Full-Stack Software Engineer - Java, Python (Fully Cleared)",Erias Ventures,"Annapolis Junction, MD",https://stackoverflow.com/jobs/432032
Senior/Lead Software Engineer,CV Partner,"London, UK",https://stackoverflow.com/jobs/471140
Full Stack Developer,Mullvad VPN,"Gothenburg, Sweden",https://stackoverflow.com/jobs/448302
"Senior Software Engineer, Web",Duolingo Inc,"New York, NY",https://stackoverflow.com/jobs/486007
Java (Kotlin) Spring Boot Microservices AWS Backend Engineer (m/f/x),"AVANTGARDE - ""Creating Fans""","Berlin, Deutschland",https://stackoverflow.com/jobs/276892
"Architect (Node, React) - Remote Global and US",Modus Create,No office location,https://stackoverflow.com/jobs/471618
Senior Node.js Full-stack Developer,MarsBased,No office location,https://stackoverflow.com/jobs/450345
Hackers wanted - Software Engineers (m/f/d) & Machine Learning Experts (m/f/d),freiheit.com technologies gmbh,"Hamburg, Germany",https://stackoverflow.com/jobs/165266
Mid-Senior Software Engineer ~ Big Data Solutions,Lean Media,"Chesterfield, MO",https://stackoverflow.com/jobs/271865
Full Stack Engineer at Sellpy,Sellpy,"Stockholm, Sweden",https://stackoverflow.com/jobs/456515
Full Stack Software Engineer,Tails.com,"Richmond, UK",https://stackoverflow.com/jobs/487607
Backend developer to build robust systems with Kotlin,Shape A/S,"København, Denmark",https://stackoverflow.com/jobs/370009
Full-Stack Developer,Atomic Robot,"Mason, OH",https://stackoverflow.com/jobs/488052
"Senior Software Engineer, Frontend",PreVeil,"Boston, MA",https://stackoverflow.com/jobs/481729
Frontend Software Developer (m/f/x) Zeppelin Digital Platform,Zeppelin GmbH,"Garching bei München, Deutschland",https://stackoverflow.com/jobs/474755
Lead Front End Engineer,"Chewy, Inc.","Boston, MA",https://stackoverflow.com/jobs/465981
Full-Stack Developer,FlexEarn,"London, UK",https://stackoverflow.com/jobs/485775
Lead Front End Engineer,"Chewy, Inc.","Minneapolis, MN",https://stackoverflow.com/jobs/465989
Senior Software Engineer,uShip,"Austin, TX",https://stackoverflow.com/jobs/451415
"Senior Frontend Software Engineer -- East Bay, Austin, U.S. Remote",Underline,No office location,https://stackoverflow.com/jobs/423274
*REMOTE* Senior Kotlin (Java) Backend Engineer (m/w/d) TVNOW Streaming Plattform,"AVANTGARDE - ""Creating Fans""",No office location,https://stackoverflow.com/jobs/468935
Software Engineer (Frontend),Fei Siong Food Management Pte. Ltd.,Singapore,https://stackoverflow.com/jobs/422615
FrontEnd Team Leader,Elbit Systems,"Ra'anana, Israel",https://stackoverflow.com/jobs/486925
Full Stack Javascript Software Engineer,SDVI,No office location,https://stackoverflow.com/jobs/254207
Senior Software Engineer - Frontend (Remote),Web Summit,"Dublin 6, Ireland",https://stackoverflow.com/jobs/289346
SENIOR RUBY DEVELOPER / BACKEND (W/F/D),metoda GmbH,"München, Germany",https://stackoverflow.com/jobs/486206
Software Engineer - Web UI,Agrian Inc.,"Clovis, CA",https://stackoverflow.com/jobs/451025
Backend Engineer - Working Student (m/f/d),Motius GmbH,"München, Deutschland",https://stackoverflow.com/jobs/456520
Full Stack Developer (SNPS) - Build platforms at national scale,Government Technology Agency of Singapore,Singapore,https://stackoverflow.com/jobs/409515
"Fullstack Software Engineer (JavaScript, Python)",F-Secure,"Poznań, Poland",https://stackoverflow.com/jobs/470808
Full Stack Developer,Science Suite Inc. (BioRender),"Toronto, ON, Canada",https://stackoverflow.com/jobs/482084
Software Engineering,"JPMorgan Chase Bank, N.A.","Houston, TX",https://stackoverflow.com/jobs/489066
Senior Full-Stack Developer / Engineer (Secure Comms),SaltDNA,"Belfast, UK",https://stackoverflow.com/jobs/467740
Full Stack Engineer,"WorkLLama, LLC","Alpharetta, GA",https://stackoverflow.com/jobs/489630
Senior Frontend Engineer (m|w|x) - Product Discovery,idealo internet GmbH,"Berlin, Deutschland",https://stackoverflow.com/jobs/462517
Senior Backend Engineer (Python/Django),Financial Technology Partners,"San Francisco, CA",https://stackoverflow.com/jobs/446918
Java Entwickler*in (m/w/d),GFT Deutschland,"Eschborn, Deutschland",https://stackoverflow.com/jobs/393531
Staff Software Engineer (Node),"Jack Henry & Associates, Inc.®",No office location,https://stackoverflow.com/jobs/471201
Java Entwickler*in (m/w/d),GFT Deutschland,"Eschborn, Deutschland",https://stackoverflow.com/jobs/393531
Software Engineer - Web UI,Agrian Inc.,"Clovis, CA",https://stackoverflow.com/jobs/451025
Digital-Senior Software/Lead Engineer-System Infra,FactSet,"Hyderabad, India",https://stackoverflow.com/jobs/461321
Engineering Manager - Join our growing team of 40+ software engineers,Tails.com,"Richmond, UK",https://stackoverflow.com/jobs/391983
JavaScript Engineer for our ecommerce storefront  (f/m/d),ePages GmbH,"Hamburg, Germany",https://stackoverflow.com/jobs/123431
Full Stack Software Developer - IoT (w/m/d) 80-100%,Husqvarna Schweiz AG,"Zürich, Schweiz",https://stackoverflow.com/jobs/401351
Web-Entwickler Front- und Backend für den Bereich Marketing (m/w/d),IServ GmbH,"Braunschweig, Deutschland",https://stackoverflow.com/jobs/482120
Join us in our Sustainable Energy revolution as a Senior backend developer,The Sustainables BV,"Amsterdam, Netherlands",https://stackoverflow.com/jobs/457962
Software Engineering,"JPMorgan Chase Bank, N.A.","Houston, TX",https://stackoverflow.com/jobs/489066
C++ Application Developer,LMAX Group,"London, UK",https://stackoverflow.com/jobs/474110
Lead Software Engineer,Unscene,"Tokyo, Japan",https://stackoverflow.com/jobs/474465
"Lead Polyglot Software Engineers – TDD, XP, JavaScript",Pragmateam,"Sydney, Australia",https://stackoverflow.com/jobs/485294
AEM Software Developer (m/f/x) Zeppelin Digital Platform,Zeppelin GmbH,"Garching bei München, Deutschland",https://stackoverflow.com/jobs/474754
Web developer to make digital solutions for social challenges,Innovattic,"Delft, Netherlands",https://stackoverflow.com/jobs/130453
Prototype Engineer,"Chewy, Inc.","Dania Beach, FL",https://stackoverflow.com/jobs/485580
Full Stack Engineer - Intermediate ( Remote ),New Context Services,No office location,https://stackoverflow.com/jobs/473488
Senior JavaScript Developer,Särmä Digital Oy,"Helsinki, Finland",https://stackoverflow.com/jobs/330722
Full Stack Software Engineer - Mobile Healthcare,Medsphere,No office location,https://stackoverflow.com/jobs/406291
Front-End Software Engineer,Mimacom,"Zürich, Switzerland",https://stackoverflow.com/jobs/412730
Senior Full Stack Software Engineer,"System Concepts, Inc.","Scottsdale, AZ",https://stackoverflow.com/jobs/204563
"Software Engineer, Frontend",Mastt Australia Pty Ltd,"Sydney, Australia",https://stackoverflow.com/jobs/467686
Senior DevOps Engineer,ReCharge Payments,No office location,https://stackoverflow.com/jobs/484843
Front-End Engineer,1plusX AG,"Zürich, Switzerland",https://stackoverflow.com/jobs/343089
Sr. Software Engineer - Ruby - Telehealth / Telemedicine,VisuWell,"Nashville, TN",https://stackoverflow.com/jobs/487286
DevSecOps Engineer,BrainGu,"Fayetteville, NC",https://stackoverflow.com/jobs/423179
Senior Software Engineer,Higher Logic,No office location,https://stackoverflow.com/jobs/484657
Fullstack Engineer,Roon Labs LLC,No office location,https://stackoverflow.com/jobs/393281
Senior Software Engineer,Marks & Spencer,"London, UK",https://stackoverflow.com/jobs/463985
Frontend-Developer (m/f/d),TOPdesk,"Kaiserslautern, Deutschland",https://stackoverflow.com/jobs/465950
PHP Developer,Pentalog,"Cluj-Napoca, Romania",https://stackoverflow.com/jobs/485092
Softwareentwickler (m/w/d),Bentomax GmbH,"Kiel, Deutschland",https://stackoverflow.com/jobs/477600
Senior Backend Engineer (m/f/d) - Node.js,Motius GmbH,"München, Deutschland",https://stackoverflow.com/jobs/433911
JavaScript/Full Stack Engineer,Ocelot,No office location,https://stackoverflow.com/jobs/485977
.Net Full Stack developer (m/w/d),EyeC GmbH,"Hamburg, Deutschland",https://stackoverflow.com/jobs/408138
Front End .Net Developer,Mastercard,"Tel Aviv-Yafo, Israel",https://stackoverflow.com/jobs/465575
E-Commerce Software-Entwickler Full-Stack (M/W/D),POET GmbH,"Karlsruhe, Deutschland",https://stackoverflow.com/jobs/417417
Senior Software Developer/Tech Lead -Innovation team,"JPMorgan Chase Bank, N.A.","Herzliya, Israel",https://stackoverflow.com/jobs/488942
Mid- / Senior PHP Web Developer,Energy Gruppe Schweiz,"Zürich, Switzerland",https://stackoverflow.com/jobs/371108
Senior Software Engineer,Patch.com,"New York, NY",https://stackoverflow.com/jobs/394309
Senior Software Engineer,Vista Higher Learning,"Boston, MA",https://stackoverflow.com/jobs/487646
Software Engineer,FactSet,"Norwalk, CT",https://stackoverflow.com/jobs/460282
Java Developer,RevegyviaTechCXO,"Atlanta, GA",https://stackoverflow.com/jobs/487649
Desenvolvimento C#,Ambev Tech,No office location,https://stackoverflow.com/jobs/490133
Full Stack Developer (m/w/d),Reply,"Düsseldorf, Deutschland",https://stackoverflow.com/jobs/482935
Fullstack Applications Developer,Fresh Technology,No office location,https://stackoverflow.com/jobs/488295
Softwareentwickler (m/w/d),AM GmbH,"Hamburg, Deutschland",https://stackoverflow.com/jobs/380999
Senior Software Engineer Frontend React,"Chewy, Inc.","Seattle, WA",https://stackoverflow.com/jobs/475346
Full Stack Engineer,causaLens,"London, UK",https://stackoverflow.com/jobs/468461
Team Lead / Senior Nodejs Developer,springbig inc.,"Montreal, QC, Canada",https://stackoverflow.com/jobs/462714
Senior Software Engineer,Higher Logic,No office location,https://stackoverflow.com/jobs/484657
Frontend Web Engineer,Skillhouse Staffing Solutions,"Tokyo, Japan",https://stackoverflow.com/jobs/470540
Desenvolvimento C#,Ambev Tech,No office location,https://stackoverflow.com/jobs/490133
Back End Developer,Mastercard,"Tel Aviv-Yafo, Israel",https://stackoverflow.com/jobs/465576
Fullstack Engineer,Roon Labs LLC,No office location,https://stackoverflow.com/jobs/393281
Senior Fullstack Software Engineer (Java),Zuhlke Engineering Hongkong,Hong Kong,https://stackoverflow.com/jobs/432674
Senior Web-Entwickler / Frontend-Entwickler (m/w/d),umlaut,"Aachen, Deutschland",https://stackoverflow.com/jobs/463912
Senior Software Engineer C#/.NET/JavaScript,Sinara Consultants Limited,"London, UK",https://stackoverflow.com/jobs/437583
PHP Developer (w/*/m),queo GmbH,"Dresden, Deutschland",https://stackoverflow.com/jobs/399160
Front End .Net Developer,Mastercard,"Tel Aviv-Yafo, Israel",https://stackoverflow.com/jobs/465575
E-Commerce Software-Entwickler Full-Stack (M/W/D),POET GmbH,"Karlsruhe, Deutschland",https://stackoverflow.com/jobs/417417
Java Developer with a lot of freedom in your job,TOPdesk,"Delft, Netherlands",https://stackoverflow.com/jobs/425992
Senior Full Stack Engineer,"UrbanFootprint, Inc.","Berkeley, CA",https://stackoverflow.com/jobs/486612
Senior Frontend Engineer,Maven Clinic,"New York, NY",https://stackoverflow.com/jobs/488058
Front-end Software Engineer,Dentally,No office location,https://stackoverflow.com/jobs/463631
Full Stack Developer (Java/AWS),F-Secure,"Poznań, Poland",https://stackoverflow.com/jobs/416126
Webfejlesztő,UNIQA Raiffeisen Software Service Kft.,"Budapest, Ungarn",https://stackoverflow.com/jobs/374734
Java Full Stack Software Engineer,"JPMorgan Chase Bank, N.A.","Columbus, OH",https://stackoverflow.com/jobs/489385
Senior Java fejlesztő,UNIQA Raiffeisen Software Service Kft.,"Budapest, Ungarn",https://stackoverflow.com/jobs/373188
Junior - Mid ATM Java Software Engineer,"JPMorgan Chase Bank, N.A.","Westerville, OH",https://stackoverflow.com/jobs/490051
Senior Software Engineer,Vista Higher Learning,"Boston, MA",https://stackoverflow.com/jobs/487646
Experienced Java Web Developer,Cloudflight GmbH,"Frankfurt am Main, Germany",https://stackoverflow.com/jobs/466824
Webentwickler im Inhouse Marketing (m/w/d),JULABO GmbH,"Seelbach, Deutschland",https://stackoverflow.com/jobs/472007
Full Stack Developer (m/w/d),Reply,"Düsseldorf, Deutschland",https://stackoverflow.com/jobs/482935
SENIOR GO AND/OR LARAVEL DEVELOPER,Peytz & Co A/S,"Sofia, Bulgaria",https://stackoverflow.com/jobs/474747
Software Engineer - PHP,Salto Keys as a Service,"Amsterdam, Netherlands",https://stackoverflow.com/jobs/235153
Principal Software Engineer,Citizens Bank,"Providence, RI",https://stackoverflow.com/jobs/472075
DevSecOps Engineer,BrainGu,"Fayetteville, NC",https://stackoverflow.com/jobs/423179
Frontend Web Developer,T-Bone Productions,"Sydney, Australia",https://stackoverflow.com/jobs/147675
Workingstudent Tech & Engineering,Limehome GmbH,"München, Germany",https://stackoverflow.com/jobs/408795
Java Developer with a lot of freedom in your job,TOPdesk,"Delft, Netherlands",https://stackoverflow.com/jobs/425992
SW-Entwickler C#/.NET und Web-Entwicklung (m/w/d) unseres Produktes Visit.net,ASTRUM IT GmbH,"Erlangen, Deutschland",https://stackoverflow.com/jobs/485931
.Net Software Developer,eDerm Systems,"Boca Raton, FL",https://stackoverflow.com/jobs/357993
Senior Java fejlesztő,UNIQA Raiffeisen Software Service Kft.,"Budapest, Ungarn",https://stackoverflow.com/jobs/373188
Softwareentwickler - C# (m/w/d),Hahn Softwareentwicklung,"Maxhütte-Haidhof, Deutschland",https://stackoverflow.com/jobs/338764
Senior Front-end Engineer,"UrbanFootprint, Inc.","Berkeley, CA",https://stackoverflow.com/jobs/482087
Senior Fullstack Developer - Java / Kotlin / Javascript,teckro,"Dublin 2, Ireland",https://stackoverflow.com/jobs/401733
Software Engineer,"WorkLLama, LLC","Alpharetta, GA",https://stackoverflow.com/jobs/457859
Senior Software Architekt (m/w/d) mit Option auf stellv. Teamleitung,Meierhofer AG,"München, Deutschland",https://stackoverflow.com/jobs/465084
Teamleiter Softwareentwicklung (m/w/d),Haufe Group,"Freiburg im Breisgau, Germany",https://stackoverflow.com/jobs/473484
Frontend Developer (m/w/d),neteleven GmbH,"München, Deutschland",https://stackoverflow.com/jobs/472014
Front End Engineer (ExtJS): Remote (Global)),Modus Create,No office location,https://stackoverflow.com/jobs/488063
Front-end Software Engineer - Deliver citizen-centric web apps,Government Technology Agency of Singapore,Singapore,https://stackoverflow.com/jobs/408128
Angular Frontend Developer (m/w/d),T-Systems Multimedia Solutions GmbH,"Leinfelden-Echterdingen, Deutschland",https://stackoverflow.com/jobs/482912
"Staff Software Development Engineer, Features",ReCharge Payments,No office location,https://stackoverflow.com/jobs/463334
Web Developer - Spatial Analyst,Esri,"Redlands, CA",https://stackoverflow.com/jobs/482456
Fullstack Developer / Entwickler (m/w/d),INIT Group,"Karlsruhe, Deutschland",https://stackoverflow.com/jobs/486345
Full Stack Web Developer,ECI Software Solutions,No office location,https://stackoverflow.com/jobs/489622
Solutions Engineer,Deepgram,"San Francisco, CA",https://stackoverflow.com/jobs/431389
Full Stack PHP Developer,DkR,"Lomazzo, Italy",https://stackoverflow.com/jobs/396797
Front-end Engineer - Working in Japan,LINE Fukuoka,"Fukuoka, Japan",https://stackoverflow.com/jobs/273839
Frontend Engineer,causaLens,"London, UK",https://stackoverflow.com/jobs/462390
Experienced Ruby on Rails Developer,SimplePay,"Cape Town, South Africa",https://stackoverflow.com/jobs/450851
SOFTWARE ENGINEERING MANAGER BACK-END (H/F),DECATHLON,"Croix, France",https://stackoverflow.com/jobs/454590
"Fler fullstacksutvecklande Cygnianer (Node, C# eller Java)",Cygni,"Stockholm, Sweden",https://stackoverflow.com/jobs/447405
Teamleiter Softwareentwicklung (m/w/d),Haufe Group,"Freiburg im Breisgau, Germany",https://stackoverflow.com/jobs/473484
"Full Stack Developer - Cyber Security (Java, JavaScript)",Nominet,"Oxford, UK",https://stackoverflow.com/jobs/462206
Frontend Developer (m/w/d),neteleven GmbH,"München, Deutschland",https://stackoverflow.com/jobs/472014
"Staff Software Development Engineer, Features",ReCharge Payments,No office location,https://stackoverflow.com/jobs/463334
Senior Software Developer,DCSL Software Ltd,"London, UK",https://stackoverflow.com/jobs/399681
Senior Software Architekt (m/w/d) mit Option auf stellv. Teamleitung,Meierhofer AG,"München, Deutschland",https://stackoverflow.com/jobs/465084
Experienced Java Developer with a lot of freedom in your work,TOPdesk,"Budapest, Hungary",https://stackoverflow.com/jobs/460593
Full Stack PHP Developer,DkR,"Lomazzo, Italy",https://stackoverflow.com/jobs/396797
Teamleiter / Senior Java Entwickler (m/w),UNIQA Raiffeisen Software Service Kft.,"Budapest, Ungarn",https://stackoverflow.com/jobs/391306
Frontend- / UX/UI-Developer (m/w/d),Just Spices GmbH,"Düsseldorf, Deutschland",https://stackoverflow.com/jobs/428547
"Senior Software Developer* (Belgrade, Krusevac, Novi Sad)",3AP AG,"Beograd, Serbia",https://stackoverflow.com/jobs/237521
Software Developer,Lowers Risk Group LLC,"Purcellville, VA",https://stackoverflow.com/jobs/485583
Team Lead / Senior Ruby on Rails Developer,springbig inc.,"Montreal, QC, Canada",https://stackoverflow.com/jobs/466427
Software Architect,Nurun,No office location,https://stackoverflow.com/jobs/415675
Software-Developer (m/f/d),TOPdesk,"Kaiserslautern, Deutschland",https://stackoverflow.com/jobs/465952
SAP-Tech-Developer (m/w/d),GASAG AG,"Berlin, Deutschland",https://stackoverflow.com/jobs/473103
Fullstack Developer,Arweave,"Berlin, Germany",https://stackoverflow.com/jobs/350108
Web Developer - Spatial Analyst,Esri,"Redlands, CA",https://stackoverflow.com/jobs/482456
Solutions Engineer,Deepgram,"San Francisco, CA",https://stackoverflow.com/jobs/431389
Backend Engineer - Location Flexible,"Volusion, LLC",No office location,https://stackoverflow.com/jobs/443235
"Senior Software Developer* (Belgrade, Krusevac, Novi Sad)",3AP AG,"Beograd, Serbia",https://stackoverflow.com/jobs/237521
Teamleiter / Senior Java Entwickler (m/w),UNIQA Raiffeisen Software Service Kft.,"Budapest, Ungarn",https://stackoverflow.com/jobs/391306
Node.js Fullstack Developer (m/f/d),zooplus AG,"Wien, Austria",https://stackoverflow.com/jobs/465678
Software Engineer,Paf - Games Sport Casino,"Helsinki, Finland",https://stackoverflow.com/jobs/472011
Software Architect,Nurun,No office location,https://stackoverflow.com/jobs/415675
1x Software Architect/Lead (Cloud) & 1x Senior DevOps Engineer,Solar And Storage Modelling Pty Ltd (Solcast),"Leichhardt, Australia",https://stackoverflow.com/jobs/434165
Software Developer,Lowers Risk Group LLC,"Purcellville, VA",https://stackoverflow.com/jobs/485583
Team Lead / Senior Ruby on Rails Developer,springbig inc.,"Montreal, QC, Canada",https://stackoverflow.com/jobs/466427
Cloud Softwareentwickler für IOT-Produkte,Paessler AG,No office location,https://stackoverflow.com/jobs/412301
SOFTWARE ENGINEERING MANAGER BACK-END (H/F),DECATHLON,"Croix, France",https://stackoverflow.com/jobs/454590
SAP-Tech-Developer (m/w/d),GASAG AG,"Berlin, Deutschland",https://stackoverflow.com/jobs/473103
Full Stack Developer,Facile.it,"Milan, Italy",https://stackoverflow.com/jobs/441392
Fullstack Developer,Arweave,"Berlin, Germany",https://stackoverflow.com/jobs/350108
PHP Full Stack Developer (f/m/d),zooplus AG,"Wien, Austria",https://stackoverflow.com/jobs/465680
Frontend Engineer - Javascript,trivago N.V.,"Düsseldorf, Germany",https://stackoverflow.com/jobs/472231
Fullstack Developer [Dutch Speaking],Triple,"Alkmaar, Netherlands",https://stackoverflow.com/jobs/407725
Architect,Citizens Bank,"Providence, RI",https://stackoverflow.com/jobs/482414
Team Lead Backend Development (Java Enterprise) (m/f/d),Offerista Group GmbH,"Dresden, Deutschland",https://stackoverflow.com/jobs/477594
Senior Drupal Developer,Access,"Manchester, UK",https://stackoverflow.com/jobs/445396
Frontend Web Engineer,IRL,No office location,https://stackoverflow.com/jobs/482079
Senior Frontend Engineer - Global Contact Center (f/m/d),Delivery Hero SE,"Berlin, Germany",https://stackoverflow.com/jobs/439740
Angular/Ruby on Rails Developer (US or Canada),BiTE interactive,No office location,https://stackoverflow.com/jobs/481735
Full Stack Developer,Servian,"Sydney, Australia",https://stackoverflow.com/jobs/424942
Frontend- / UX/UI-Developer (m/w/d),Just Spices GmbH,"Düsseldorf, Deutschland",https://stackoverflow.com/jobs/428547
Frontend Engineer (Angular),PSP Media,No office location,https://stackoverflow.com/jobs/488329
AEM Architect,Railroad19,No office location,https://stackoverflow.com/jobs/468540
Team Lead Backend Development (Java Enterprise) (m/f/d),Offerista Group GmbH,"Dresden, Deutschland",https://stackoverflow.com/jobs/477594
Senior Drupal Developer,Access,"Manchester, UK",https://stackoverflow.com/jobs/445396
AI Solutions Architect,Soul Machines Limited,"San Francisco, CA",https://stackoverflow.com/jobs/486185
Mid - Senior ATM Java L3 Support Engineer,"JPMorgan Chase Bank, N.A.","Westerville, OH",https://stackoverflow.com/jobs/490461
Full Stack Developer,Facile.it,"Milan, Italy",https://stackoverflow.com/jobs/441392
Senior Architect,Citizens Bank,"Providence, RI",https://stackoverflow.com/jobs/482411
Software Developer,DCSL Software Ltd,"London, UK",https://stackoverflow.com/jobs/419248
Software Developer,DCSL Software Ltd,"Farnborough, UK",https://stackoverflow.com/jobs/419247
Front-end Engineer,InCloudCounsel,"San Francisco, CA",https://stackoverflow.com/jobs/433449
Lead Front-end Engineer,Launch Potato,"Delray Beach, FL",https://stackoverflow.com/jobs/468509
Fullstack Developer [Dutch Speaking],Triple,"Alkmaar, Netherlands",https://stackoverflow.com/jobs/407725
Full Stack Wordpress Developer (Remote),Radish Lab,No office location,https://stackoverflow.com/jobs/467547
Principal – Lead Software Engineer,Citizens Bank,"Providence, RI",https://stackoverflow.com/jobs/482395
Frontend Web Engineer,IRL,No office location,https://stackoverflow.com/jobs/482079
Angular/Ruby on Rails Developer (US or Canada),BiTE interactive,No office location,https://stackoverflow.com/jobs/481735
"Frontend Software Engineer, Content Security",ByteDance,Singapore,https://stackoverflow.com/jobs/423497
"Senior Software Engineer, Front-end Focused",Radix DLT,No office location,https://stackoverflow.com/jobs/465700
Software Developer,VPL,No office location,https://stackoverflow.com/jobs/483483
Frontend Entwickler JavaScript / React Native (w/m/d),dmTECH GmbH,"Karlsruhe, Deutschland",https://stackoverflow.com/jobs/465975
Senior Engineer and Technical Team Lead,Surevine,No office location,https://stackoverflow.com/jobs/457384
"Full Stack Engineer (Python, React Native)",Modus Create,No office location,https://stackoverflow.com/jobs/490103
Frontend Engineer (Angular),PSP Media,No office location,https://stackoverflow.com/jobs/488329
Software Architect (ATH & SKG),Kaizen Gaming (Stoiximan/Betano),"Athens, Greece",https://stackoverflow.com/jobs/415639
Principal Software Engineer,Citizens Bank,"Providence, RI",https://stackoverflow.com/jobs/452563
Senior Full Stack Engineer (w/m/d) Java/GCP | Inbound Logistik,Otto (GmbH & Co KG),"Hamburg, Deutschland",https://stackoverflow.com/jobs/462188
Principal Software Engineer,Citizens Bank,"Providence, RI",https://stackoverflow.com/jobs/452563
Back End Engineer - Retail & Catalog,Everli,No office location,https://stackoverflow.com/jobs/415688
Full Stack Developer (m/w/d),Haufe Group,"Freiburg im Breisgau, Germany",https://stackoverflow.com/jobs/455781
"Frontendutvecklare med fullstack-kunskaper, ICA Försäkring",ICA Gruppen,"Solna, Sweden",https://stackoverflow.com/jobs/460642
Senior Front-end Engineer,Bloomreach,No office location,https://stackoverflow.com/jobs/478212
Senior Front-End Developer,Cloudwise B.V.,"Woerden, Netherlands",https://stackoverflow.com/jobs/459598
Full Stack Developer (Node.js),Grand Parade,"Kraków, Poland",https://stackoverflow.com/jobs/466419
"Frontend Engineer, Web",Aaqua,"Antwerp, Belgium",https://stackoverflow.com/jobs/465925
.NET Developer,CloudScale,"Charleston, SC",https://stackoverflow.com/jobs/481482
Fullstack developer,Nurun,No office location,https://stackoverflow.com/jobs/415682
Technical Architect,DCSL Software Ltd,"London, UK",https://stackoverflow.com/jobs/452361
Senior Web Developer,NN Group N.V.,"Den Haag, Netherlands",https://stackoverflow.com/jobs/482967
Mid-Level Front-end Responsive Developer,Graphic Language,No office location,https://stackoverflow.com/jobs/418286
Senior Fullstack Developer (Core Platform Services),Smartly.io,"Helsinki, Finland",https://stackoverflow.com/jobs/465571
Atlassian Expert Consultant : Remote (Global),Modus Create,No office location,https://stackoverflow.com/jobs/489628
Senior Backend Engineer - Location Flexible,"Volusion, LLC",No office location,https://stackoverflow.com/jobs/443231
Web Developer (Open Targets),European Bioinformatics Institute (EMBL-EBI),"Hinxton, UK",https://stackoverflow.com/jobs/463996
Senior Software Engineer,Cie,No office location,https://stackoverflow.com/jobs/449510
Senior Business Intelligence Cloud Platform Engineer,"JPMorgan Chase Bank, N.A.","Columbus, OH",https://stackoverflow.com/jobs/478735
Head of Development - Remote,Scrapinghub,No office location,https://stackoverflow.com/jobs/485495
Frontend Developer (Experienced),Bakken & Bæck,"Amsterdam, Netherlands",https://stackoverflow.com/jobs/446594
Java Developer,LMAX Group,"London, UK",https://stackoverflow.com/jobs/181651
ISD Developer V (Senior Cloud Application Developer),Navy Federal Credit Union,"Vienna, VA",https://stackoverflow.com/jobs/467795
Technical Business Analyst,DCSL Software Ltd,"London, UK",https://stackoverflow.com/jobs/442201
ISD Developer V (Senior Cloud Application Developer),Navy Federal Credit Union,"Merrifield, VA",https://stackoverflow.com/jobs/467990
ISD Developer V (Senior Cloud Application Developer),Navy Federal Credit Union,"Winchester, VA",https://stackoverflow.com/jobs/467992
ISD Developer V (Senior Cloud Application Developer),Navy Federal Credit Union,"Pensacola, FL",https://stackoverflow.com/jobs/467991
